{"sections":{"main":{"type":"main-article","blocks":{"67ab6d61-42d0-43e4-9cd8-4ff611273e6f":{"type":"sidebar_blog","settings":{"display_sidebar_blog_page":true,"show_sidebar":"left","display_sidebar_link":true,"sidebar_link_title":"Categories","style_categories":"style_little","link_list":"main-menu","sidebar_recent_art":true,"sidebar_blog_tags":false,"enable_product":true,"title_product":"Featured Products","collection":"collection-1","limit":"8","enable_img_1":true,"image_img_1":"shopify:\/\/shop_images\/person-holds-their-glasses-in-front-of-them.jpg","link_img_1":"","enable_img_2":true,"image_img_2":"shopify:\/\/shop_images\/a-hand-removes-a-sweater-from-a-clothing-rack.jpg","link_img_2":"","enable_custom_block":true,"title_custom_block":"Custom Block","quote_custom_block":"<p>Add customer reviews and testimonials to showcase your store’s happy customers.<\/p>"}},"267e78de-ff17-4f52-8c54-533ad3d13605":{"type":"image","settings":{"image_1":"shopify:\/\/shop_images\/person-holds-their-glasses-in-front-of-them.jpg","lb_product_1_1":"aeque-mollis-urnan-lementum","top_position_1_1":"10","left_position_1_1":"10","dots_color_1_1":"#ffffff","dots_bg_color_1_1":"#323232","dots_shadow_color_1_1":"#ffffff","lb_product_1_2":"dempus-lortis-cosmo-sapiendo","top_position_1_2":"20","left_position_1_2":"20","dots_color_1_2":"#ffffff","dots_bg_color_1_2":"#323232","dots_shadow_color_1_2":"#ffffff","lb_product_1_3":"dinterdum-preteus-tomuir-leggings","top_position_1_3":"30","left_position_1_3":"30","dots_color_1_3":"#ffffff","dots_bg_color_1_3":"#323232","dots_shadow_color_1_3":"#ffffff","image_2":"shopify:\/\/shop_images\/a-hand-removes-a-sweater-from-a-clothing-rack.jpg","lb_product_2_1":"dempus-lortis-cosmo-sapiendo","top_position_2_1":"10","left_position_2_1":"10","dots_color_2_1":"#ffffff","dots_bg_color_2_1":"#323232","dots_shadow_color_2_1":"#ffffff","lb_product_2_2":"dinterdum-preteus-tomuir-leggings","top_position_2_2":"40","left_position_2_2":"40","dots_color_2_2":"#ffffff","dots_bg_color_2_2":"#323232","dots_shadow_color_2_2":"#ffffff","lb_product_2_3":"","top_position_2_3":"10","left_position_2_3":"10","dots_color_2_3":"#ffffff","dots_bg_color_2_3":"#323232","dots_shadow_color_2_3":"#ffffff","image_3":"shopify:\/\/shop_images\/person-holds-their-glasses-in-front-of-them.jpg","lb_product_3_1":"furus-pulvinar-vestibulum-mini","top_position_3_1":"10","left_position_3_1":"10","dots_color_3_1":"#ffffff","dots_bg_color_3_1":"#323232","dots_shadow_color_3_1":"#ffffff","lb_product_3_2":"dinterdum-pretium-de-condimento","top_position_3_2":"40","left_position_3_2":"40","dots_color_3_2":"#ffffff","dots_bg_color_3_2":"#323232","dots_shadow_color_3_2":"#ffffff","lb_product_3_3":"faucibus-sullamcorper-matti-drost","top_position_3_3":"60","left_position_3_3":"60","dots_color_3_3":"#ffffff","dots_bg_color_3_3":"#323232","dots_shadow_color_3_3":"#ffffff"}}},"block_order":["67ab6d61-42d0-43e4-9cd8-4ff611273e6f","267e78de-ff17-4f52-8c54-533ad3d13605"],"settings":{"blog_show_author":true,"blog_show_date":true,"dpl_lookbook_description":true,"quote_title":"Sample Block Quote","quote_des":"Praesent vestibulum congue tellus at fringilla. Curabitur vitae semper sem, eu convallis est. Cras felis nunc commodo loremous convallis vitae interdum non nisl. Maecenas ac est sit amet augue pharetra convallis nec danos.","quote_title_2":"Sample Paragraph Text","quote_des_2":"<p>\nPraesent vestibulum congue tellus at fringilla. Curabitur vitae semper sem, eu convallis est. Cras felis nunc commodo eu convallis vitae interdum non nisl. Maecenas ac est sit amet augue pharetra convallis nec danos dui.\n<\/p>\n<p>\nCras suscipit quam et turpis eleifend vitae malesuada magna congue. Damus id ullamcorper neque. Sed vitae mi a mi pretium aliquet ac sed elitos. Pellentesque nulla eros accumsan quis justo at tincidunt lobortis denimes loremous. Suspendisse vestibulum lectus in lectus volutpat, ut dapibus purus pulvinar. Vestibulum sit amet auctor ipsum.\n<\/p>","dpl_gallery_lookbook":true,"gallery_lb_title":"LookBook Gallery","show_cart_best_sellers_product":true,"title":"Best Sellers","show_slider_featured_collection":"collection-1","slider_featured_limit_all":8,"collection_results_per_row1":"4"}}},"order":["main"]}