{"sections":{"main":{"type":"main-blog","blocks":{"d8f2d51c-aa5d-4da8-a276-56f0ce0c5db2":{"type":"sidebar_blog","settings":{"display_sidebar_blog_page":true,"show_sidebar":"left","display_sidebar_link":true,"sidebar_link_title":"Categories","style_categories":"style_little","link_list":"main-menu","sidebar_recent_art":true,"sidebar_blog_tags":false,"enable_product":true,"title_product":"Featured Products","collection":"collection-1","limit":"8","enable_img_1":true,"image_img_1":"shopify:\/\/shop_images\/person-holds-their-glasses-in-front-of-them.jpg","link_img_1":"","enable_img_2":true,"image_img_2":"shopify:\/\/shop_images\/a-hand-removes-a-sweater-from-a-clothing-rack.jpg","link_img_2":"","enable_custom_block":true,"title_custom_block":"Custom Block","quote_custom_block":"<p>Add customer reviews and testimonials to showcase your store’s happy customers.<\/p>"}}},"block_order":["d8f2d51c-aa5d-4da8-a276-56f0ce0c5db2"],"settings":{"blog_post":"3","blog_text_align":"left","blog_show_author":true,"blog_show_date":true}}},"order":["main"]}